sample, moisture, knot_ratio, tree_ring, youngs_modulus, density, beam_length, bend_strength,beam_width,beam_height
units,%,-,mm,Gpa,kg/m3,cm,Mpa,cm,cm
DO1,13.3,0.04,3,3.504,139.989,101,58.4,4,3.3
DO2,12,0.16,2.5,16.485,1050.004,98.5,74.35,4,3.4
DO3,12.8,0.14,3.88,9.502,475.006,99.3,49.82,4.1,3.1
DO4,11.7,0.13,2.02,3.524,140.009,100.1,78.52,3.9,2.8
DO5,12,0.16,2.13,16.491,1050.011,99.7,79.31,3.4,3
DO6,12.4,0.04,2.98,16.487,1049.995,101,64.34,4,3.2
DO7,12.5,0.32,3.67,16.499,1050.017,99.6,58.19,4.3,2.6
DO8,11.5,0.07,3.67,16.493,1049.992,100.6,88.39,3.9,2.8
DO9,13.1,0.19,2.44,9.499,474.993,99.1,33.02,4.6,2.8
DO10,11.7,0.25,3,16.511,1049.989,97.8,60.28,3.6,3
DO11,13.2,0.2,3.75,9.489,474.996,101.5,91.86,3.6,3.1
DO12,11.9,0.11,1.96,12.995,725.019,100.2,81.88,3.8,3
DO13,12.3,0.03,2.4,3.509,140.001,100.6,91.02,4,2.9
DO14,12.4,0.06,2.39,16.488,1050.008,99.8,81.3,3.9,2.9
DO15,13.1,0.03,2.23,12.990,724.985,100.9,67.08,3.7,2.8
DO16,14,0.04,4.28,3.512,140.003,98.6,48.41,4.2,2.8
DO17,12.6,0.07,2.81,3.509,140.003,102.6,55.54,4.8,2.7
DO18,12,0.2,3.18,3.509,139.993,99.2,75.55,3.6,2.8
DO19,12.1,0.05,2.02,12.990,725.007,100.1,79.67,4.3,3
DO20,12.3,0.07,2.39,9.492,474.993,100,70.49,3.9,3
DO21,12.5,0.15,2.41,12.995,725.000,98.3,80.37,4.6,3.2
DO22,12.5,0.18,2.06,16.496,1049.986,101.8,86.85,4.5,3.4
DO23,13.1,0.14,2.77,16.494,1049.978,100.1,60.01,4,2.7
DO24,13.1,0.28,3.65,13.006,724.984,98.4,55.27,3.5,3.2
DO25,12.2,0.31,3.06,3.489,140.001,99.4,74.97,4,2.9
DO26,12.3,0.16,3.48,9.493,475.015,98.7,59.03,4,3.2
DO27,12.6,0.06,1.64,9.487,475.003,101.1,77.99,3.8,3
DO29,12.6,0.13,2.18,9.500,474.988,100.7,65.2,4.2,2.7
DO30,12.5,0.1,3.92,9.505,474.998,99.6,60.97,4.6,2.9
DO31,12.8,0.15,2.42,3.508,140.008,99.4,80.28,4.2,2.9
DO32,13.1,0.08,3.52,9.522,475.013,98.7,70.14,3.7,2.9
DO33,12.3,0.09,2.92,3.496,139.998,98.3,75.67,3.3,3.1
DO34,12,0.21,4.79,16.511,1050.007,99.5,85.95,3.9,2.8
DO35,12.8,0.14,3.07,3.506,139.984,100.4,101.53,4,2.9
DO36,12.2,0.12,2.09,16.500,1049.993,100.4,82.06,3.9,2.8
DO37,12.8,0,2.45,9.503,474.999,99.4,72.74,4.2,3.2
DO38,12.4,0.16,4.6,13.009,725.003,100.2,65.96,4.3,3
DO39,11.8,0.12,3.78,16.508,1049.995,100.3,67.87,4.5,2.7
DO40,11.6,0.28,2.62,16.491,1049.996,98.5,40.88,3.9,3.2
DO41,11.8,0.07,3.24,3.500,140.004,99.5,69.28,3.7,3.2
DO42,11.5,0.08,2.18,13.023,725.000,100.2,77.03,4.5,3.3
DO43,11.9,0.34,2.72,16.490,1049.997,99.6,42.23,3.5,2.9
DO44,12,0.28,4.22,3.495,140.005,101.5,48.48,4.5,3.1
DO45,12.7,0.11,4.26,9.485,475.001,101.7,30.54,4.1,2.5
DO46,12.1,0.29,2.83,16.502,1050.002,100.5,48.79,4.2,3.3
DO47,12.2,0.53,3.93,9.494,474.998,99.9,28.6,4.3,3.2
DO48,11.9,0.24,2.09,16.486,1049.995,99.6,61.62,4.1,3
DO49,12,0.59,4.52,16.495,1050.004,101.4,30.46,4.4,2.9
DO50,12.6,0.33,2.7,12.988,725.008,98.2,59.56,4.6,3.1
DO51,13,0.21,3.67,16.515,1049.979,100.5,50.48,4.1,2.9
DO52,11.8,0.4,4.35,3.504,140.007,101.7,53.4,3.8,2.8
DO53,11.9,0.39,5.13,9.494,474.996,98.5,47.96,4,3.4
DO54,12.4,0.25,2.97,9.499,474.997,100.3,46.61,4.1,3
DO55,11.9,0.5,2.83,9.497,474.983,99.4,53.92,3.9,2.6
DO56,12.2,0.19,2.5,16.512,1050.011,101.1,30.93,4,3.3
DO57,13.2,0.05,5.05,3.492,139.985,101.4,64.95,3.8,3
DO58,12.1,0.1,5.88,16.505,1049.994,99.6,53.23,3.6,2.9
DO59,11.9,0.28,3.58,13.001,724.997,99.3,52.46,3.7,2.8
DO60,12.7,0.1,3.55,3.507,140.007,98.1,64.4,3.6,3
DO61,13.8,0.05,3.62,16.493,1049.986,99.1,56.32,3.7,3.1
DO62,12.2,0.3,3.07,16.484,1050.006,101.2,47.5,3.9,3
DO63,12.3,0.25,4.83,12.988,724.995,100.8,26.62,4,2.9
DO64,12,0.33,2.89,16.494,1049.999,103.4,49.45,3.5,3
DO65,13.3,0.2,2.79,12.981,725.002,101.2,48.02,4.1,3.2
DO66,12.8,0.17,3.54,16.505,1050.001,99.1,73.5,4.6,3.1
DO67,13,0.18,4.68,3.497,140.001,100.6,48.75,4.2,3.3
DO68,12.8,0.19,4.36,13.004,724.972,102.3,35.86,4.1,3.2
DO69,11.9,0.38,4.9,3.520,140.004,98.3,34.02,4,3.3
DO70,12.1,0.31,4.68,3.493,139.996,100.4,47.33,3.8,2.8
DO71,12.8,0.15,2.22,3.505,139.999,100.4,67.52,4.1,3.1
DO72,12.3,0.51,3.78,9.480,475.021,100.1,39.46,4.5,2.7
DO73,12.8,0.21,4.14,9.499,475.010,98.5,43.41,4.1,2.6
DO74,12.1,0.36,3.72,12.993,725.015,100.3,38.76,4.2,3.3
DO75,12,0.33,4.75,3.503,140.006,101.5,36.77,4.1,3.1
DO76,12.5,0.58,3.36,3.490,140.012,101.2,44.15,4.3,3
DO77,13.3,0.34,2.91,9.507,475.013,100.8,59.46,3.9,3
DO78,12.6,0.32,2.21,16.494,1049.995,99.5,54.61,4.1,3.3
DO79,13.4,0.17,3.68,3.523,139.989,100.1,48.82,3.6,3.3
DO80,12.3,0.25,3.25,9.499,475.011,102.5,46.31,4.3,2.8
DO81,12.7,0.18,2.7,13.001,725.006,101.3,69.3,4.4,2.9
DO82,12.4,0.39,3.95,12.996,725.004,99.1,38.82,3.6,3.3
DO83,11.9,0.46,2.9,16.487,1050.017,99.5,35.29,4.2,3.2
DO84,11.9,0.12,3.83,3.499,139.993,99.9,53.38,4.1,3.1
DO85,13,0.16,4,9.507,474.995,99.6,57.88,3.6,2.8
DO86,11.8,0.36,2.97,9.487,474.987,99.6,41.11,4.5,3.3
DO87,12.7,0.2,2.03,16.507,1049.998,98.8,71.64,3.9,2.8
DO88,12.9,0.37,3.08,9.499,475.011,102.6,30.87,4.4,3.3
DO89,13,0.16,2.5,9.489,474.993,100.1,57.96,4.3,3
DO90,12.3,0.39,3.65,16.496,1050.001,100.2,55.05,4.5,2.9
DO91,12.5,0.19,4.5,13.000,724.997,98.8,72.11,4.1,3.2
DO92,12.3,0.29,3.63,16.499,1049.999,98.6,67.93,3.6,3
DO93,12.6,0.09,4.43,16.493,1049.992,98.6,62.72,4.5,3.1
DO94,11.8,0.18,4,13.003,724.991,99.7,51.45,4.2,2.8
DO95,12.3,0.13,5.84,12.988,724.997,99,40.52,3.9,2.9
DO96,13.5,0.06,2.39,16.498,1050.023,100.4,53,3.2,2.6
DO97,12.9,0.46,2.05,3.493,140.009,98.8,53.85,3.7,3
DO98,12.7,0.43,3.63,13.007,724.988,98.3,57.28,4,2.6
DO99,11.9,0.23,2.54,16.508,1049.988,101.7,40.18,4.4,2.7
DO100,13,0.35,2.72,9.473,475.006,99.7,31.18,3.9,2.7
DO101,13.1,0.3,2.98,3.482,140.005,101.4,54.02,4,2.8
DO103,13.2,0.44,3.22,9.493,475.017,100.6,31.44,4.1,3.1
DO104,14.3,0.09,3.78,13.011,724.995,97.5,49.12,3.5,2.8
DO105,14.1,0.27,2.58,3.493,139.988,100,31.78,4.2,2.9
DO106,14,0.16,4.29,16.496,1049.997,99.7,52.82,4.3,3.1
DO108,14.2,0.18,3.08,3.496,140.002,97.3,55.01,4.5,2.9
DO109,15.1,0.17,3.69,13.006,725.003,99.8,50.89,3.9,3
DO110,14.7,0.19,2.85,3.492,139.986,99.3,57.18,4.3,2.9
DO112,12.4,0.33,2.67,16.514,1049.993,99.8,36.07,4.1,3
DO113,14.6,0.27,3.14,16.493,1049.995,98.5,49.11,4.4,3.2
DO114,15.4,0.24,3.33,3.482,139.995,102.4,64.84,4.2,3
DO115,15.3,0.19,2.4,16.495,1050.006,100.6,31.35,3.7,2.6
DO116,13.4,0.5,2.37,3.507,140.000,102.8,20.42,3.9,3
DO117,15.3,0.45,2.79,3.509,140.003,99.1,35.03,3.6,3.3
DO118,15.3,0.22,4.11,3.500,140.002,100.8,49.62,4.2,3.1
DO119,14.8,0.3,3.04,3.498,139.996,101.7,30.14,3.6,3.1
DO120,14.3,0.14,3.71,12.997,724.989,98,43.46,3.8,3.2
DO121,14.5,0.28,5.42,16.503,1049.990,99.8,23.94,4.6,2.8
DO122,14.7,0.19,3.41,3.508,139.998,100,75.49,4,3.2
DO123,14,0.31,4.5,16.500,1050.005,101.2,25.6,4.2,3.5
DO124,15.3,0.24,4.4,13.006,724.984,99.5,47.46,4.3,2.9
DO125,16,0.24,4.08,16.498,1050.009,101.3,43.08,4.1,3.1
DO126,15,0.33,3.78,16.483,1050.004,101.1,44.37,4.1,3.1
DO127,14.7,0.43,3.93,9.477,474.990,100.8,42.47,4.5,3.1
DO128,15.3,0.39,3.02,9.500,474.983,100.2,37.95,3.6,3.2
DO129,15.2,0.14,3.29,9.490,474.985,101,34.73,4,2.7
DO130,15.1,0.11,3.07,3.516,140.002,98.8,65.25,4.3,3.1
DO131,14.4,0.2,3.67,9.506,474.998,99.8,57.06,3.5,3.2
DO132,13,0.36,3.45,9.496,474.984,102.2,36.06,4.2,3.2
DO133,14,0.29,2.72,9.497,474.992,99,36.76,3.9,2.9
DO134,14.2,0.16,5.79,16.509,1050.011,101.3,39.7,3.9,3
DO135,13.3,0.21,3.5,3.515,140.009,102,57,3.8,2.8
DO136,14.4,0.24,4.17,16.494,1049.989,100.8,50.58,3.6,3.2
DO137,14.5,0.15,2.95,9.508,475.004,99.3,57.9,4.5,3
DO138,14.1,0.29,4.18,12.982,725.004,100.9,31.43,3.5,3
DO139,12.6,0.23,3.26,3.508,140.001,100,69.42,3.9,3.2
DO140,13.3,0.15,4.71,9.498,474.992,100.2,58.9,5.1,3.4
DO141,13.6,0.11,4.8,12.986,725.008,99.7,44.32,3.8,2.9
DO142,13.1,0.16,3.34,3.497,139.998,101.7,76.41,3.7,3.2
DO143,14.4,0.3,3.32,13.017,725.007,99.7,63.44,4.1,3.1
DO144,12.8,0.22,1.98,3.504,140.001,99.1,69.31,4.2,3.2
DO145,12.7,0.24,3.64,9.515,475.017,100.2,88.35,4,3.1
DO146,13.8,0.16,2.94,16.509,1050.006,102.2,64.82,4.6,2.9
DO147,14.2,0.14,3.35,12.979,725.001,101.6,58.65,3.8,3
DO148,12,0.08,2.36,12.999,725.001,99.4,75.45,3.8,2.9
DO149,11.9,0.2,5.11,9.509,474.973,99.6,60.05,3.9,3.2
DO150,13.6,0.24,2.82,3.494,140.003,101,45.25,4.2,2.8
DO151,13,0.26,4.47,16.495,1049.986,101.4,66.16,3.6,3.5
DO152,12.8,0.29,1.66,9.509,475.003,101.1,51.34,4.1,3.3
DO153,13.5,0.17,2.63,9.490,475.003,99.2,57.67,4.4,3
DO154,13.6,0.32,4.64,16.508,1050.000,101.1,52.44,3.9,3.2
DO155,14,0.11,3.35,3.508,140.001,99.6,65.44,4,3.4
DO156,12.7,0,4.5,12.996,724.988,98.8,64.92,3.9,3
DO157,14,0.29,4.29,12.999,725.002,101.9,46.88,3.6,3.3
DO158,13.6,0.32,3.34,16.509,1049.999,102.1,52.63,3.9,2.7
DO159,13.7,0.29,4.23,13.005,724.990,99,57.12,3.8,2.9
DO160,13.8,0.35,2.88,16.492,1049.999,100.2,63.18,3.5,3.4
DO161,13.1,0.15,2.89,16.489,1050.008,100.1,71.53,4,3.4
DO162,13.3,0.35,4.55,16.505,1050.003,100.7,43.45,4.3,3
DO163,13.4,0.3,3.31,13.003,725.020,102.1,44.39,3.8,2.9
DO164,11.8,0.36,4.55,9.495,474.978,98.3,39.11,4.2,3.2
DO165,11,0.28,3.83,13.002,724.999,99.2,61.44,4.3,3.2
DO166,12.8,0.24,3.66,12.995,724.990,100.6,33.38,3.4,3
DO167,13,0.08,3.83,16.496,1050.002,102.3,57.76,3.9,3
DO168,12.6,0.4,4.1,12.995,725.024,100.8,60.53,4.3,3.1
DO169,14,0.21,2.16,16.490,1049.992,100.7,49.48,3.7,3.3
DO170,12.9,0.05,2.66,16.477,1050.003,100.4,86.46,4.1,2.9
DO172,12.5,0.08,2.46,12.980,724.995,101.1,51.1,4.4,3.3
DO173,14,0.09,2.37,12.997,724.993,101.6,82.79,4,3.3
DO174,13.3,0.33,2.33,16.517,1050.010,100.1,30.63,4.3,3
DO175,13.1,0.11,2.67,3.513,139.991,101.1,75.72,4,3.2
DO176,12.8,0.06,2.51,9.511,475.005,100.9,74.33,3.8,2.9
DO177,12.5,0.06,3.21,13.008,725.010,99.8,52.47,3.9,3.1
DO178,13.5,0.29,4.87,16.491,1049.996,99.7,36.01,4.1,2.9
DO179,11.8,0.12,2.26,13.009,724.973,99,80.97,4.5,2.8
DO180,13,0.34,2.54,9.515,475.006,99.4,30.14,3.9,2.7
DO181,13.8,0.15,2.52,13.000,725.002,100.8,61.46,4,3
DO182,12.4,0.1,2.87,9.490,474.997,102.6,79.53,4.3,3.2
DO183,13.2,0.16,4.83,3.511,140.013,99.5,47.43,4.6,3.2
DO184,13,0.09,3.42,13.027,724.999,100.9,68.75,4,3
DO185,13.5,0.14,3.82,12.993,724.995,99.6,69.19,4.1,3
DO186,13.2,0.4,5.25,16.490,1049.999,99.6,48.34,4,3.1
DO187,13.6,0.38,3.51,3.504,140.000,99.7,49.44,4.1,2.7
DO188,14,0.3,4.15,16.511,1049.998,102.7,48.32,4.3,3
DO189,13.7,0.14,5.54,12.997,724.994,98.2,61.49,3.2,3.1
DO190,13.4,0.32,5.58,16.484,1049.984,99.6,36.16,4.1,3.1
DO191,12.8,0.25,4.27,3.488,140.013,99.2,42.83,3.7,3.3
DO192,13.4,0.36,4.4,3.509,140.014,101.4,30.71,3.9,2.9
DO193,12.7,0.43,4.67,12.987,724.980,99,19.34,4,2.6
DO194,13.3,0.15,4.71,3.493,140.002,98.9,53.6,4.2,2.8
DO195,13.4,0.42,4.67,13.005,725.010,98.4,21.77,4.4,3.2
DO196,12.5,0.26,4.45,16.503,1050.017,100.9,21.87,4,2.9
DO197,13.9,0.41,5.13,12.998,724.991,101,44.09,4.2,3.1
DO198,14.1,0.34,4.61,12.983,724.991,100.5,46.17,3.7,3.4
DO199,13.8,0.27,4.77,16.502,1049.991,99.2,41.86,3.6,3
DO200,13.2,0.44,4.75,3.509,140.014,98.4,34.42,4.1,2.8
DO201,13.6,0.21,5.17,3.476,140.009,97.3,49.37,4.1,3.4
DO202,14.5,0.13,5.22,3.478,140.004,98.5,54.82,4.4,3.1
DO203,13.4,0.35,3.96,9.512,475.001,100.4,24.92,3.6,3
DO204,14.5,0.28,6.13,12.987,724.994,99.7,41.16,3.9,2.9
DO205,13.9,0.26,5.64,3.497,139.998,98.3,23.08,3.9,2.8
DO206,12.9,0.26,4.4,9.498,474.999,99.5,34.97,4.3,2.9
DO207,13.9,0.44,4.5,13.002,724.988,100.7,15.66,3.4,2.7
DO208,14.1,0.25,3.65,16.498,1050.015,100.8,61.47,4,2.9
DO209,14.1,0.24,3.87,12.996,724.996,100,42.56,4.1,3.2
DO210,14.5,0.41,6.05,13.011,724.974,99.8,16.33,3.5,3.2
DO211,12.9,0.28,4.16,16.512,1049.994,99,37.77,3.9,2.6
DO212,12.6,0.2,6,9.502,475.001,100.1,36.77,4.4,3.3
DO213,13.3,0.12,3.22,3.509,139.997,100.3,32.52,3.7,2.8
DO214,13.5,0.22,3.04,3.493,140.013,99.2,48.7,3.8,2.9
DO215,13.4,0.43,5,3.476,140.000,100.5,47.52,3.3,2.8
DO216,14.7,0.24,4.54,16.487,1049.992,100.2,53.92,3.7,3.3
DO217,12.1,0.45,4.59,16.520,1050.000,100,40.92,3.8,2.6
DO218,13.6,0.24,3.1,3.502,139.982,99.9,54.36,3.8,2.9
DO219,14.7,0.22,2.32,12.993,725.002,98.9,44.12,4.1,3.1
DO220,13.9,0.13,6.69,13.004,725.006,100.8,22.73,4.1,3.1
DO221,14.2,0.24,3.24,3.500,140.005,100.5,46.57,4.1,3
DO222,13.9,0.49,6.41,3.505,139.982,99.6,25.76,4.3,3.1
DO223,13.5,0.25,4.3,16.500,1050.008,100.4,51.34,3.5,2.9
DO224,13.5,0.49,5.61,3.506,139.996,100.6,31.15,3.7,3
DO225,14.4,0.04,3.83,9.492,474.989,100.4,74.24,4.4,3
DO226,13.1,0.23,6.44,12.999,725.011,102.7,28.32,4.2,3.3
DO227,14.6,0.26,3.78,3.480,139.993,101.7,49.15,4.6,3.1
DO228,15.3,0.29,5,3.489,140.008,100.5,41.1,3.9,3
DO229,13.6,0.36,3.5,16.494,1049.995,100.8,20.36,4.1,3
DO230,15.2,0.18,3.87,9.498,475.004,100.6,48.34,4.3,2.8
DO231,14.7,0.24,4.85,16.496,1049.970,99.9,62.04,4,2.9
DO232,16,0.18,7.07,3.505,140.004,100.8,40.92,3.7,3
DO233,14.5,0.27,8.36,12.998,724.989,101.2,31.24,4.2,2.8
DO234,15,0.37,3.04,9.504,475.004,101.2,52.21,3.8,3
DO235,14.8,0.24,7,9.495,474.998,100.3,23.8,3.8,2.9
DO236,14.6,0.45,6.92,9.491,474.998,101.7,31.82,3.9,3.1
DO237,13.6,0.34,6.07,16.484,1050.004,98.3,26.3,3.8,2.8
DO238,14.6,0.49,5,3.491,140.002,100,40.45,4.1,2.9
DO239,14.9,0.29,5.11,3.486,139.994,98.3,41.63,3.7,3
DO240,14.8,0.24,4.33,3.499,139.983,101.4,35.42,3.6,2.7
DO241,13.4,0.25,4.5,9.501,474.996,100.6,37.6,3.9,3
DO242,14.2,0.1,3.15,9.483,474.987,101.8,51.95,4.4,3.1
DO243,13.9,0.21,6.5,13.006,725.009,101,38.39,4,3.4
DO244,14.4,0.23,3.54,9.499,475.004,100,59.75,3.3,3.1
DO245,15.5,0.04,2.85,3.502,140.003,99.9,63.53,3.6,3.2
DO246,13.8,0.25,2.48,3.513,139.985,101,49.7,4.3,3
DO247,12.8,0.18,5.25,9.507,474.996,99.6,43.74,3.7,3.1
DO248,14.9,0.27,4.05,12.998,724.997,99.7,54.35,3.9,2.9
DO249,13.1,0.11,3.03,9.496,474.988,98.7,56.11,3.9,3.1
DO250,12.9,0.33,5.79,9.502,475.017,102,30.98,3.7,3
DO251,13.1,0.37,4.3,16.499,1050.000,100.9,22.45,4.1,3.4
DO252,13.5,0.2,3.81,9.493,474.999,100.7,52.35,3.6,2.9
DO253,12.3,0.2,3.93,3.505,139.996,100.7,42.1,3.7,2.8
DO254,14.2,0.54,4.89,3.495,140.004,101.4,43.5,4.6,3.1
DO255,14.5,0.49,4.74,3.491,140.003,99.8,22.22,4,2.9
DO256,13.2,0.19,3.87,16.508,1050.014,99.9,53.65,4.2,3.1
DO257,13.9,0.21,2.7,16.499,1050.014,98.2,48.35,4,3.3
DO258,12.9,0.32,5.43,9.510,474.990,100.3,43.65,4.4,3.2
DO259,14.6,0.21,3.7,12.988,724.997,101.7,41.83,3.5,3
DO260,14.1,0.23,4.63,9.510,474.999,99.4,32.47,3.4,3
DO261,14.5,0.07,1.96,16.494,1050.016,101.1,91.8,3.5,3
DO262,13.5,0.21,4.11,9.503,474.977,99.8,31.28,4.4,2.6
DO263,14.7,0.19,2.7,16.503,1050.005,100.7,44.16,4.3,3
DO264,15,0.26,3.77,3.502,140.004,99.7,51.5,4,2.9
DO265,13.2,0.17,3.54,3.499,139.987,99,41.47,4.4,3.1
DO266,15.7,0.26,2.48,16.496,1049.991,100,42.44,4,2.8
DO267,15.3,0.16,4.57,9.491,474.987,98.5,70.31,4.7,2.9
DO268,14.8,0.25,5.23,13.005,725.001,99.6,33.35,3.9,2.6
DO269,15.1,0.11,2.53,3.496,139.994,101.3,57,4.1,3.1
DO270,14.6,0.48,3.43,13.000,725.011,99.4,64.24,4.1,2.8
DO271,16.2,0.39,3.3,16.480,1050.004,99,16.25,4.1,2.7
DO272,15.9,0.16,3.72,16.495,1049.981,99.2,62.79,4.1,2.9
DO273,14.2,0.27,4.27,12.981,724.991,99.9,32.47,4.5,3
DO274,15.2,0.19,3.22,16.502,1050.004,100.5,43.73,3.9,2.9
DO275,15.9,0.08,2.57,9.491,475.010,102.2,69.48,4,2.8
DO276,16.4,0.08,1.98,9.514,475.004,98.4,82.81,4,3.3
DO277,15.5,0.17,2.36,9.494,475.011,98.4,64.88,3.9,3.2
DO278,15.8,0.23,3.74,16.508,1050.009,101.2,23.14,4,2.7
DO279,13.8,0.24,2.9,12.993,724.972,99.4,49.13,4.3,2.7
DO280,15.2,0.05,2.85,3.521,139.984,99.3,65.79,3.8,3.3
DO281,13.1,0.25,4.81,3.500,140.024,101.4,17.39,4.3,2.9
DO282,15.1,0.05,2.47,9.503,475.009,99.1,72.08,3.9,2.9
DO283,14,0.06,3.27,3.485,139.982,100.8,63.82,4.2,3.3
DO284,15.5,0.08,3.83,16.495,1050.011,99.8,61.5,4,3.2
DO285,14.4,0.06,2.56,12.997,724.992,99.6,57.38,3.4,3.1
DO286,15.2,0.33,4.06,16.502,1050.011,97.4,52.62,4.1,3.1
DO287,13.9,0.2,2.89,16.486,1049.988,99.2,56.77,4.1,3.3
DO288,40.9,0.17,3.37,12.992,725.011,99.3,40.42,4.5,3.2
DO289,13.8,0.23,4.17,3.502,140.021,99.5,63.49,3.9,2.9
DO290,15.1,0.07,2.49,13.009,725.000,99.5,67.2,3.9,3
DO291,14.8,0.21,3.57,16.513,1050.002,102.1,49.5,4.2,2.8
DO292,14.2,0.17,3.6,12.993,725.007,100.8,37.6,4.3,3.1
DO293,14.3,0.26,3.54,12.993,724.997,100.1,49.6,4.6,2.9
DO294,13.4,0.29,2.77,9.513,474.999,100.6,38.9,4.1,2.8
DO295,14.2,0.3,3.07,9.492,474.995,100.3,20.7,4.1,3.1
DO296,14,0.13,3.58,16.510,1049.994,98.8,49.4,4.4,3.1
DO297,13.1,0.33,3.29,16.496,1049.995,98.6,34.7,4,3.1
DO298,13.3,0.14,3.96,3.502,139.996,99.3,49,3.9,2.8
DO299,13.6,0.26,6.43,16.484,1049.991,101.3,33.7,4.1,3.1
DO300,14.6,0.34,2.4,3.491,140.012,98.7,45.7,4,3
DO301,14.2,0.26,6.2,3.508,140.006,100.1,38,3.5,3
DO302,14.4,0.22,4.19,12.995,724.992,100.2,40.7,4.3,3.1
DO303,13.5,0.24,4.61,12.995,724.989,97.8,58.8,4.1,3.2
DO304,13.2,0.28,3.41,16.525,1049.978,100.7,54,3.5,3.1
DO305,14.2,0.58,4.12,9.506,474.987,99.5,55,4.5,2.6
DO306,14.8,0.23,4.96,9.499,474.990,100.5,50.9,3.8,3.1
DO307,14.4,0.23,5.79,3.488,139.989,100.3,29.3,4.2,2.9
DO308,14,0.22,5.39,16.518,1049.999,99.6,35.4,3.9,3.2
DO309,13.8,0.19,4.24,3.492,140.006,99.8,31.2,3.4,2.9
DO310,14,0.14,4.7,13.000,725.007,100.1,57.1,4.2,3.1
DO311,15.4,0.3,3.54,16.482,1050.003,99.8,41.5,4.1,3.3
DO312,13.2,0.35,4.52,16.508,1049.983,100.8,28.8,3.9,3.1
DO313,13.5,0.29,4.29,9.504,475.017,101.7,33.8,3.8,3
DO314,14.4,0.22,3.68,16.500,1050.008,100.9,53.6,4.2,3
DO315,14.1,0.25,4.04,9.507,474.993,99.7,41.7,4,2.8
DO316,14.4,0.35,5.67,16.500,1049.984,100.8,30.3,3.6,3.2
DO317,14.1,0.4,3.68,12.995,725.003,100.9,17.1,4.1,3
DO318,14.6,0.14,5.28,3.507,140.000,97.7,30.9,3.8,2.9
DO319,14.4,0.32,4.09,9.507,474.989,102.4,33.4,3.6,2.5
DO320,13.3,0.15,4.55,9.499,475.000,99.5,32.9,3.6,2.9
DO321,13.8,0.3,5,16.518,1049.998,99.1,31.2,3.7,3
DO322,11.3,0.23,5.15,16.495,1050.000,98.8,41,3.6,2.9
DO323,12.8,0.54,5.73,16.491,1050.002,100.5,39.2,4.4,3.1
DO324,13.9,0.28,3,9.496,474.982,100.2,61.5,4.5,2.9
DO325,13.8,0.21,2.9,9.499,474.997,100.4,55.4,4.3,3
DO326,12.9,0.22,4.29,9.484,474.999,99.7,53.5,4,3.4
DO327,13.6,0.22,4.81,16.515,1050.005,102.4,56.9,3.6,2.5
DO328,13.9,0.27,4.17,16.506,1049.987,98.8,31,4.1,3
DO329,12.1,0.33,5.05,13.005,725.001,99.7,37.6,3.8,3
DO330,13.8,0.26,5.89,13.005,725.004,98.9,21.6,3.9,3.1
DO331,14.1,0.4,3.91,12.986,725.000,100,33,3.4,2.9
DO332,14.2,0.21,4.54,3.492,139.999,99.7,36.3,3.8,2.7
DO333,13.7,0.14,7.58,16.491,1050.013,98.4,46.3,3.7,2.8
DO334,13.5,0.52,3.93,16.491,1049.991,100.8,33,3.5,2.5
DO335,13.6,0.43,5.82,9.501,474.989,102.3,29.4,3.8,3.1
DO336,11.5,0.15,5.06,12.996,724.992,99.2,40.6,4.7,2.8
DO337,12.7,0.27,6.43,16.514,1050.008,99.5,36.7,3.8,3
DO339,13.6,0.18,5.88,9.499,474.996,99.8,26.8,4,3.1
DO340,14.1,0.22,6.17,16.509,1050.004,100.1,35.6,3.7,3
DO342,14.5,0.34,5.72,16.505,1050.000,100.4,37.5,4.2,3.2
DO343,14.9,0.32,6.61,9.483,474.999,99.9,26.2,3.7,3.2
DO344,13.7,0.24,8.2,9.495,475.006,100.7,25,4.2,3
DO345,13.4,0.25,7.13,9.510,474.993,98,17.1,4.3,3.1
DO346,14.4,0.19,3.39,3.505,140.017,99.9,50.9,4.3,3
DO347,13.8,0.62,4.57,12.993,725.017,99.1,30.2,3.9,3.1
DO348,14.8,0.37,3.43,12.991,725.000,99.2,32.7,4.4,2.8
DO349,13.9,0.26,5.57,3.500,140.000,99.3,33.4,4.1,3.1
DO350,13.6,0.14,5.71,9.492,474.994,99.7,29.3,4.1,2.9
DO351,13.8,0.33,6.73,9.493,475.003,99.9,32.8,4.4,2.9
DO352,14.1,0.26,9,3.503,140.022,99,18.7,4.5,3.4
DO353,12.2,0.19,4.42,16.514,1049.995,99.3,19.9,4.3,2.8
DO354,12.6,0.25,5.29,3.503,140.010,99.6,22.3,3.9,2.9
DO355,12.8,0.29,6.7,3.500,139.999,99.7,28.6,3.8,3.1
DO356,14.1,0.18,5.56,16.501,1050.009,102.5,47.4,4.1,2.5
DO357,12.7,0.45,7.38,12.992,724.997,98.5,23.1,4,3.1
DO358,13.1,0.45,4.9,9.505,475.003,99.6,31.9,4.1,3
DO359,13.9,0.33,5.28,13.002,724.996,99.7,28.8,3.9,3.1
DO360,13.4,0.2,7.33,9.510,475.021,97.9,21.1,4.4,2.9
DO361,12.9,0.19,5.16,13.004,724.998,97.4,48.7,4.2,2.8
DO362,13.5,0.39,8.5,3.508,139.995,100.2,23.8,3.9,2.9
DO363,13.7,0.26,4.64,12.993,725.000,100.5,31.2,3.9,2.7